{
  "input": {
    "teff": {
      "min": 10000.0,
      "max": 100000.0,
      "mean": 48347.09817457211,
      "std": 25243.276427025874
    },
    "logg": {
      "min": 2.0,
      "max": 8.0,
      "mean": 6.152811087784225,
      "std": 1.2364106093576304
    },
    "mh": {
      "min": -4.0,
      "max": 0.0,
      "mean": -2.0017080027043375,
      "std": 1.2911646563063766
    }
  },
  "output": {
    "tau": {
      "min": -6.7902689642826175,
      "max": 2.7629844123434375,
      "mean": -2.1493195535629073,
      "std": 2.349612111274522
    },
    "T": {
      "min": 3.8617291127394577,
      "max": 6.0,
      "mean": 4.659366019919151,
      "std": 0.3460910465527789
    },
    "ne": {
      "min": 4.666066416567558,
      "max": 20.473000726086624,
      "mean": 14.890746524486127,
      "std": 2.298883259348432
    },
    "rho": {
      "min": -18.993518554475802,
      "max": -3.1621405910098983,
      "mean": -8.743847941045304,
      "std": 2.292212380864601
    },
    "level_1": {
      "min": -10.008170033500747,
      "max": 18.150509604524157,
      "mean": 9.585704772516735,
      "std": 3.901202593377776
    },
    "level_2": {
      "min": -12.811732396348471,
      "max": 17.461496125701153,
      "mean": 8.42839482431589,
      "std": 4.233909789653185
    },
    "level_3": {
      "min": -13.09132689721062,
      "max": 16.852742808651993,
      "mean": 8.460184341056584,
      "std": 4.2918650298536445
    },
    "level_4": {
      "min": -12.661973015272663,
      "max": 15.908109594055526,
      "mean": 8.554862159810048,
      "std": 4.2239749383155045
    },
    "level_5": {
      "min": -11.931164787987083,
      "max": 14.845376643605107,
      "mean": 8.592384270020146,
      "std": 4.084724086869418
    },
    "level_6": {
      "min": -11.083481170360587,
      "max": 14.402812629451075,
      "mean": 8.566465078837568,
      "std": 3.909250022727489
    },
    "level_7": {
      "min": -10.184448352184646,
      "max": 13.752912563831549,
      "mean": 8.48801453495472,
      "std": 3.715229580331377
    },
    "level_8": {
      "min": -9.27156105957236,
      "max": 13.091331700582103,
      "mean": 8.368078246479541,
      "std": 3.513431702042625
    },
    "level_9": {
      "min": -3.5740949162332587,
      "max": 12.666403682420295,
      "mean": 9.110548006549326,
      "std": 2.524809985736232
    },
    "level_10": {
      "min": 3.2570881709633746,
      "max": 20.269204859471927,
      "mean": 14.790981389190389,
      "std": 2.2918998484757656
    },
    "level_11": {
      "min": -17.66144198912824,
      "max": 17.311788815058605,
      "mean": 7.793588239334961,
      "std": 5.042331545411192
    },
    "level_12": {
      "min": -17.975738981688465,
      "max": 14.65838244057974,
      "mean": 5.287857640903438,
      "std": 4.562533376480565
    },
    "level_13": {
      "min": -19.349129199813923,
      "max": 14.151327859266198,
      "mean": 4.623414140619147,
      "std": 4.666708737754683
    },
    "level_14": {
      "min": -17.686889337745097,
      "max": 15.092477820931009,
      "mean": 5.577331814403443,
      "std": 4.587779029906537
    },
    "level_15": {
      "min": -19.74967254861366,
      "max": 14.605810602465567,
      "mean": 4.909808683487831,
      "std": 4.817036721125673
    },
    "level_16": {
      "min": -19.185183557389472,
      "max": 14.54940277635149,
      "mean": 4.7728937984256135,
      "std": 4.6979843434077235
    },
    "level_17": {
      "min": -20.37695169366303,
      "max": 14.064693417842012,
      "mean": 4.221871396080572,
      "std": 4.786205719450166
    },
    "level_18": {
      "min": -18.52036551183399,
      "max": 15.015673206235427,
      "mean": 5.214920609098392,
      "std": 4.681532046614503
    },
    "level_19": {
      "min": -18.439080718189558,
      "max": 15.235018862031474,
      "mean": 5.402781959749269,
      "std": 4.712953837107381
    },
    "level_20": {
      "min": -19.866716369524603,
      "max": 14.757883652901002,
      "mean": 4.85614499324159,
      "std": 4.841033907383373
    },
    "level_21": {
      "min": -20.108821656977607,
      "max": 14.535545507575517,
      "mean": 4.63950953017358,
      "std": 4.835047759345502
    },
    "level_22": {
      "min": -19.507201640170944,
      "max": 14.516491215073394,
      "mean": 4.6304348470015,
      "std": 4.733183731623245
    },
    "level_23": {
      "min": -20.640212601967306,
      "max": 14.036377346861219,
      "mean": 4.107233666651042,
      "std": 4.813567411279255
    },
    "level_24": {
      "min": -18.831285660873615,
      "max": 14.989328901439269,
      "mean": 5.0934268979943695,
      "std": 4.7190385440494795
    },
    "level_25": {
      "min": -18.622830998710896,
      "max": 15.210114837997692,
      "mean": 5.302510707949094,
      "std": 4.729298265097185
    },
    "level_26": {
      "min": -19.738514973638853,
      "max": 14.732984400624787,
      "mean": 4.7850342331478135,
      "std": 4.812431776984787
    },
    "level_27": {
      "min": -18.535943411945574,
      "max": 15.356210440946288,
      "mean": 5.436460886121528,
      "std": 4.745106755851348
    },
    "level_28": {
      "min": -19.994256030992354,
      "max": 14.879089109731476,
      "mean": 4.905845266260913,
      "std": 4.866653595957544
    },
    "level_29": {
      "min": -20.17221676575263,
      "max": 14.510921235750065,
      "mean": 4.555895768594881,
      "std": 4.833245581381473
    },
    "level_30": {
      "min": -17.85428603389189,
      "max": 15.897558698268028,
      "mean": 5.9545139994021286,
      "std": 4.730765633786815
    },
    "level_31": {
      "min": -18.72293208551406,
      "max": 15.420437333583065,
      "mean": 5.454342313349958,
      "std": 4.780766924051925
    },
    "level_32": {
      "min": -17.604257463570853,
      "max": 16.174611851373207,
      "mean": 6.210900231813045,
      "std": 4.738595906441427
    },
    "level_33": {
      "min": -17.487450190082605,
      "max": 16.304737979267696,
      "mean": 6.330052865138052,
      "std": 4.740623937783765
    },
    "level_34": {
      "min": -17.37738992688504,
      "max": 16.418276592190775,
      "mean": 6.436676402448925,
      "std": 4.7414008192765715
    },
    "level_35": {
      "min": -2.381002302882246,
      "max": 17.978666189286923,
      "mean": 12.08212391697953,
      "std": 2.8477290139008247
    },
    "level_36": {
      "min": -30.0,
      "max": 17.207120071568625,
      "mean": 4.853104946277215,
      "std": 10.29298673968875
    },
    "level_37": {
      "min": -30.0,
      "max": 17.094778834120564,
      "mean": 3.8445639811051633,
      "std": 11.135054294238516
    },
    "level_38": {
      "min": -30.0,
      "max": 16.893762982296153,
      "mean": 3.6131388874349586,
      "std": 11.450725201031982
    },
    "level_39": {
      "min": -30.0,
      "max": 16.559571981713013,
      "mean": 3.6846567111733166,
      "std": 11.42395061549546
    },
    "level_40": {
      "min": -30.0,
      "max": 15.849372971903877,
      "mean": 3.6556275115805685,
      "std": 11.538621083179432
    },
    "level_41": {
      "min": -30.0,
      "max": 15.077831389893634,
      "mean": 3.7263883739380486,
      "std": 11.443226927443323
    },
    "level_42": {
      "min": -30.0,
      "max": 14.360393827002868,
      "mean": 3.695128196755809,
      "std": 11.43367001624604
    },
    "level_43": {
      "min": -30.0,
      "max": 13.716427909450184,
      "mean": 3.6754433303782186,
      "std": 11.366773210291278
    },
    "level_44": {
      "min": -30.0,
      "max": 13.137136593125236,
      "mean": 3.621264596017956,
      "std": 11.299455485468707
    },
    "level_45": {
      "min": -30.0,
      "max": 12.611876080585834,
      "mean": 3.5573477883446563,
      "std": 11.214694463770579
    },
    "level_46": {
      "min": -30.0,
      "max": 12.13173187407694,
      "mean": 3.4712137634220666,